{
  "collectionName": "components_meta_metadata",
  "info": {
    "name": "Metadata",
    "displayName": "Metadata",
    "icon": "robot"
  },
  "options": {},
  "attributes": {
    "metaTitle": {
      "type": "string",
      "required": true
    },
    "metaDescription": {
      "type": "text",
      "required": true
    },
    "shareImage": {
      "allowedTypes": ["images"],
      "type": "media",
      "multiple": false,
      "required": false
    },
    "twitterCardType": {
      "type": "enumeration",
      "enum": ["summary", "summary_large_image", "app", "player"],
      "default": "summary"
    },
    "twitterUsername": {
      "type": "string"
    }
  }
}
