{
  "collectionName": "components_slices_feature_rows",
  "info": {
    "name": "FeatureRow",
    "displayName": "Feature row",
    "icon": "arrows-alt-h",
    "description": ""
  },
  "options": {},
  "attributes": {
    "title": {
      "type": "string",
      "required": true
    },
    "description": {
      "type": "text"
    },
    "media": {
      "allowedTypes": ["images", "videos"],
      "type": "media",
      "multiple": false,
      "required": true
    },
    "link": {
      "type": "component",
      "repeatable": false,
      "component": "links.link"
    }
  }
}
