{
  "kind": "singleType",
  "collectionName": "globals",
  "info": {
    "singularName": "global",
    "pluralName": "globals",
    "displayName": "Global",
    "name": "global"
  },
  "options": {
    "draftAndPublish": false
  },
  "pluginOptions": {
    "i18n": {
      "localized": true
    }
  },
  "attributes": {
    "metadata": {
      "type": "component",
      "repeatable": false,
      "component": "meta.metadata",
      "pluginOptions": {
        "i18n": {
          "localized": true
        }
      }
    },
    "metaTitleSuffix": {
      "type": "string",
      "required": true,
      "pluginOptions": {
        "i18n": {
          "localized": true
        }
      }
    },
    "favicon": {
      "allowedTypes": ["images"],
      "type": "media",
      "multiple": false,
      "pluginOptions": {
        "i18n": {
          "localized": true
        }
      }
    },
    "notificationBanner": {
      "type": "component",
      "repeatable": false,
      "component": "elements.notification-banner",
      "pluginOptions": {
        "i18n": {
          "localized": true
        }
      }
    },
    "navbar": {
      "type": "component",
      "repeatable": false,
      "component": "layout.navbar",
      "pluginOptions": {
        "i18n": {
          "localized": true
        }
      }
    },
    "footer": {
      "type": "component",
      "repeatable": false,
      "component": "layout.footer",
      "pluginOptions": {
        "i18n": {
          "localized": true
        }
      }
    }
  }
}
