{
  "kind": "singleType",
  "collectionName": "abouts",
  "info": {
    "singularName": "about",
    "pluralName": "abouts",
    "displayName": "About",
    "description": "Write about yourself and the content you create"
  },
  "options": {
    "draftAndPublish": false
  },
  "pluginOptions": {},
  "attributes": {
    "title": {
      "type": "string"
    },
    "blocks": {
      "type": "dynamiczone",
      "components": ["shared.media", "shared.quote", "shared.rich-text", "shared.slider"]
    }
  }
}
